image_id,centroid_x,centroid_y,iou_cnn,iou_snn,iou_dta
d415_000000000,417.97615932548337,359.0757377525803,0.136,0.096,0.17400000000000002
d415_000000001,454.6548251748252,298.1518881118881,0.135,0.095,0.17500000000000002
d415_000000002,514.421958907308,318.5283095960775,0.134,0.094,0.17600000000000002
d415_000000003,533.3530756748783,241.98237203127306,0.14,0.1,0.17
d415_000000004,401.2054981962931,224.66525687274537,0.139,0.099,0.171
d415_000000005,216.92767383412453,352.9832449036582,0.138,0.098,0.17200000000000001
d415_000000006,589.0890930676715,271.4215660971455,0.137,0.097,0.17300000000000001
d415_000000007,499.3717682772578,274.7906400202378,0.136,0.096,0.17400000000000002
