image_id,centroid_x,centroid_y,iou_cnn,iou_snn,iou_dta
d415_000000000,417.97615932548337,359.0757377525803,0.682,0.690,0.751
d415_000000001,454.6548251748252,298.1518881118881,0.685,0.692,0.754
d415_000000002,514.421958907308,318.5283095960775,0.687,0.694,0.756
d415_000000003,533.3530756748783,241.98237203127306,0.689,0.696,0.758
d415_000000004,401.2054981962931,224.66525687274537,0.684,0.691,0.753
d415_000000005,216.92767383412453,352.9832449036582,0.686,0.693,0.755
d415_000000006,589.0890930676715,271.4215660971455,0.688,0.695,0.759
d415_000000007,499.3717682772578,274.7906400202378,0.681,0.689,0.752
